scenario_id,domain,conflict_index,req_a,req_b,conflict_type
e9517d8b,e_commerce_marketplace,0,Buyers shall receive full refunds within 24 hours.,Sellers shall have 7 days to approve or deny refund requests.,temporal_conflict
489c1616,subscription_box,0,Users shall be able to cancel with no notice period.,"Boxes shall be prepared 10 days before the shipping date, making late cancellations non-refundable.",business_rule_conflict
c5cf01fb,patient_portal,0,Patients shall have immediate access to all test results.,Doctors shall review and annotate test results before patient release to prevent misinterpretation.,access_timing_conflict
3ab011c3,mental_health_app,0,User mood data shall never be shared without explicit consent.,"In the event of crisis indicators, the system shall notify an emergency contact automatically.",privacy_safety_conflict
5032b660,online_learning_platform,0,Instructors shall set their own pricing with no restrictions.,Platform shall enforce a maximum course price of £200 to maintain accessibility.,pricing_conflict
5bcfa61d,school_management_system,0,Parents shall have real-time access to their child's grades.,Teachers shall have the ability to lock grades during moderation periods.,access_conflict
8d4cecf0,personal_finance_app,0,System shall retain transaction history indefinitely for trend analysis.,GDPR requires data to be deleted upon user request within 30 days.,retention_conflict
e4d34997,peer_lending_platform,0,Borrowers shall receive loan decisions within 24 hours.,"Risk assessment shall include manual review for loans above £50,000.",speed_thoroughness_conflict
eeaeecf4,fleet_management,0,System shall track driver location continuously during working hours.,Drivers shall have the ability to disable location tracking during breaks.,surveillance_privacy_conflict
c9021146,smart_building_iot,0,Building manager shall have access to individual occupancy data per desk.,Tenant privacy policy prohibits individual-level location tracking of employees.,granularity_privacy_conflict
8540b2b8,task_management_saas,0,Developers shall be able to re-estimate tasks at any time during a sprint.,Sprint commitments shall be locked at sprint start to maintain predictability.,agile_methodology_conflict
802232a4,remote_team_collaboration,0,HR shall have access to all message history for compliance purposes.,Direct messages shall be end-to-end encrypted and inaccessible to employers.,compliance_privacy_conflict
d9f7fbbd,citizen_services_portal,0,System shall auto-approve low-risk permit applications within 24 hours.,All permit approvals shall require manual sign-off by a qualified caseworker.,automation_accountability_conflict
293dcb61,video_streaming,0,Downloads shall be available for unlimited offline viewing.,Content licences restrict offline viewing to 30 days and 5 saves per title.,licence_constraint_conflict
792d628e,food_delivery_platform,0,Restaurants shall have up to 10 minutes to confirm an order before it is auto-cancelled.,Customers shall receive a delivery guarantee within 30 minutes of ordering.,timing_conflict
7442125b,auction_platform,0,Sellers shall be able to cancel a listing at any time before auction ends.,"Once a bid is placed, the listing shall be binding and cannot be cancelled.",commitment_conflict
d4243521,rental_marketplace,0,Renters shall receive a full deposit refund if returned on time with no damage.,Owners shall have 72 hours to inspect items after return before deposit is released.,timing_conflict
440c0641,telemedicine_platform,0,Patients shall have immediate access to their full consultation notes.,Doctors shall retain the right to annotate and finalise notes within 24 hours before release.,access_timing_conflict
716ed617,pharmacy_management,0,The system shall automatically dispense repeat prescriptions without pharmacist review.,Regulations require pharmacist sign-off on every dispensed medication.,automation_compliance_conflict
2f8c2565,clinical_trial_management,0,Sponsors shall have real-time access to unblinded trial data for safety monitoring.,Trial blinding shall be maintained until the pre-specified unblinding event to prevent bias.,safety_integrity_conflict
65d643d0,university_admission_system,0,Admissions decisions shall be made solely on academic merit scores.,Contextual admissions policy requires deprivation indicators to adjust offer thresholds.,policy_conflict
c7a0a2bc,corporate_training_platform,0,Employees shall complete mandatory training within 30 days of assignment.,Managers shall be able to grant unlimited extensions to prevent work disruption.,compliance_flexibility_conflict
83d94f2f,language_learning_app,0,The system shall show full leaderboard rankings to drive competition.,Users shall be able to opt out of leaderboards to reduce anxiety.,engagement_wellbeing_conflict
298cc453,digital_banking_app,0,Account opening shall be completed in under 5 minutes with minimal documentation.,KYC regulations require enhanced due diligence for high-risk customers with full document review.,speed_compliance_conflict
0ed39539,insurance_claims_platform,0,Simple claims shall be auto-approved and paid within 24 hours.,All claims above £500 shall require manual assessor review before payment.,automation_oversight_conflict
573adc4c,crypto_exchange,0,Withdrawals shall be processed instantly to improve user experience.,Large withdrawals shall be delayed 24 hours for manual security review.,ux_security_conflict
ac47d38d,warehouse_management,0,Pickers shall confirm each scan individually for maximum accuracy.,Scan confirmation steps slow throughput below KPI targets during peak periods.,accuracy_speed_conflict
da198498,cold_chain_monitoring,0,Cost-reduction targets require reducing sensor transmission frequency to every 30 minutes.,Pharmaceutical SOP requires temperature readings at minimum every 5 minutes during transit.,cost_compliance_conflict
0b4e4885,smart_parking_system,0,Reservations shall be held for 15 minutes after the scheduled arrival time.,Unreserved spaces during peak hours generate more revenue than held reservations.,ux_revenue_conflict
5906df43,social_media_platform,0,Users shall have complete control over who can see their posts.,Public interest content may be amplified by the platform beyond user privacy settings.,privacy_public_interest_conflict
fb2964e3,event_management_platform,0,Organisers shall set their own refund policy including non-refundable tickets.,Consumer regulations require a 14-day cooling-off period for all online ticket purchases.,policy_regulation_conflict
61ad64a7,document_collaboration,0,Deleted documents shall be permanently removed immediately.,Regulatory compliance requires all documents to be retained for 5 years.,deletion_retention_conflict
b19f47ae,voting_system,0,Votes shall be fully anonymous with no linkage to voter identity.,Audit requirements mandate that each vote can be traced to a valid registered voter.,anonymity_auditability_conflict
386b64e4,emergency_response_system,0,System shall automatically dispatch the closest unit to minimise response time.,"Some incidents require specialist units that may be further away, overriding proximity logic.",automation_specialisation_conflict
5167f72c,public_transport_app,0,App shall display the fastest route regardless of accessibility.,Accessibility settings shall always override speed optimisation for eligible users.,optimisation_accessibility_conflict
df693e54,music_streaming,0,Personalised recommendations shall maximise listening time by suggesting familiar artists.,"Artist discovery features shall expose users to new artists, reducing familiar content.",engagement_discovery_conflict
607a936e,gaming_platform,0,Refunds shall be granted automatically if playtime is under 2 hours.,Developers shall have the right to dispute refund requests for games with clear playtime abuse.,consumer_rights_developer_conflict
05debc03,podcast_platform,0,Creator analytics shall include detailed per-listener engagement data.,GDPR prohibits sharing individually identifiable listening behaviour with third parties.,analytics_privacy_conflict
da4ba8e1,recruitment_platform,0,AI matching shall auto-reject applications below a threshold score to save recruiter time.,All rejections shall be reviewed by a human to prevent algorithmic bias.,efficiency_fairness_conflict
2e855a9e,hr_management_system,0,Employee records shall be accessible to all HR team members.,Sensitive data such as salary and disciplinary records shall be restricted to senior HR only.,access_sensitivity_conflict
ba4c8c35,employee_performance_management,0,360-degree feedback shall be anonymous to encourage honesty.,Managers shall be able to identify feedback sources to address unfair comments.,anonymity_accountability_conflict
360eae4a,workforce_scheduling,0,System shall auto-approve shift swaps to minimise manager admin.,Managers shall approve all swaps to ensure skill requirements per shift are met.,automation_control_conflict
f9c1f504,property_listing_platform,0,Private sellers shall list without agent involvement to reduce costs.,The platform requires agent validation to ensure listing accuracy and legal compliance.,access_quality_conflict
7b3ba503,property_management_system,0,Tenants shall have 24/7 ability to log urgent maintenance as emergency.,Landlords shall classify what constitutes an emergency to prevent abuse of out-of-hours call-outs.,urgency_classification_conflict
ce323351,construction_project_management,0,Design changes shall be approved by the client before implementation.,Site-critical design changes must be actioned immediately to avoid work stoppage.,approval_urgency_conflict
00709f3e,precision_farming_platform,0,Farmer field data shall be shared with agronomist partners for advisory services.,Farmers retain ownership of their data and must consent before any sharing.,data_sharing_ownership_conflict
a6a05a9b,environmental_monitoring,0,All raw sensor data shall be published openly for research.,Industrial operators near monitoring stations require advance notice before data publication.,openness_commercial_conflict
5cd9e2bb,supply_chain_traceability,0,Full supply chain data shall be visible to consumers for transparency.,Suppliers require commercial data such as quantities and pricing to be redacted from public view.,transparency_confidentiality_conflict
336777bb,legal_case_management,0,Clients shall have real-time access to all case documents via the portal.,Solicitors shall retain the right to withhold documents subject to legal professional privilege.,access_privilege_conflict
e5b3af68,contract_management,0,Business teams shall finalise contracts directly with minimal legal review to speed deals.,"Legal team requires review of all contracts above £100,000 before execution.",speed_governance_conflict
5ecdc8ed,travel_booking_platform,0,Platform shall advertise lowest fares prominently to attract price-sensitive customers.,Airlines require surcharges and fees to be displayed before payment not after selection.,marketing_transparency_conflict
e7bb45ea,hotel_management_system,0,OTA channels shall display real-time availability to maximise bookings.,Hotel shall maintain rate parity across all channels to avoid OTA contract violations.,distribution_parity_conflict
7c7aa1b6,restaurant_pos_system,0,Servers shall be able to modify orders after kitchen confirmation to handle customer changes.,"Once kitchen confirms an order, modifications increase waste and must be charged.",flexibility_waste_conflict
07ce17fe,fitness_tracking_app,0,Health data shall be shared with partner healthcare providers for holistic care.,Users shall have full control over health data sharing with no default opt-in.,healthcare_integration_privacy_conflict
bc2f6c04,ride_sharing_platform,0,Surge pricing shall activate automatically during peak demand to attract more drivers.,Consumer regulations require advance transparent notice before surge pricing is applied.,dynamic_pricing_transparency_conflict
