scenario_id,domain,difficulty,rough_idea,num_ground_truth_reqs,num_hidden_reqs,num_visible_reqs,num_nfr,num_stakeholders,num_domain_entities,num_conflicts,domain_entities,nfr
e9517d8b,e_commerce_marketplace,medium,An online marketplace where sellers can list products and buyers can purchase them securely.,8,2,6,4,3,8,1,User | Seller | Product | Cart | Order | Payment | Review | Category,Page load time shall not exceed 2 seconds under normal load. | The system shall be available 99.9% of the time. | All payment data shall be encrypted using AES-256. | The system shall comply with PCI-DSS standards.
489c1616,subscription_box,medium,A service that sends personalised monthly product boxes to subscribers based on their preferences.,8,2,6,3,3,6,1,Subscriber | Box | Product | Subscription | Preference | Shipment,"Personalisation algorithm shall run within 500ms. | System shall handle 10,000 concurrent active subscribers. | GDPR compliance for user preference data."
c5cf01fb,patient_portal,hard,"A web portal where patients can view their medical records, book appointments, and message their doctors.",8,2,6,5,3,7,1,Patient | Doctor | Appointment | MedicalRecord | Prescription | Message | TestResult,System shall comply with HL7 FHIR standards for health data. | All data at rest shall be encrypted using AES-256. | System shall comply with HIPAA and GDPR. | Authentication shall use two-factor authentication. | System uptime shall be 99.95%.
3ab011c3,mental_health_app,hard,"A mobile app for daily mood tracking, guided meditation, and connecting users with therapists.",8,2,6,4,3,6,1,User | MoodEntry | Therapist | Session | MeditationTrack | CrisisAlert,All therapy session data shall be end-to-end encrypted. | Crisis detection algorithm shall have false negative rate below 5%. | App shall function with degraded connectivity for mood logging. | HIPAA compliance mandatory.
5032b660,online_learning_platform,medium,An e-learning platform where instructors create courses and students learn at their own pace.,8,2,6,4,3,8,1,Student | Instructor | Course | Lecture | Quiz | Certificate | Forum | Enrolment,"Video streaming shall adapt to available bandwidth automatically. | Platform shall support 50,000 concurrent learners. | WCAG 2.1 AA accessibility compliance. | System shall support English, Spanish, French, and Mandarin."
5bcfa61d,school_management_system,medium,"A system for schools to manage student records, timetables, attendance, and parent communication.",8,2,6,3,3,8,1,Student | Teacher | Parent | Class | Timetable | Attendance | Grade | Report,All student data shall comply with FERPA and GDPR. | System shall be accessible on tablets used in classrooms. | System shall support batch import of student data via CSV.
8d4cecf0,personal_finance_app,hard,"A mobile app that connects to bank accounts and helps users track spending, set budgets, and save money.",8,2,6,4,3,7,1,User | BankAccount | Transaction | Budget | Category | SavingsGoal | Report,Bank connection shall use read-only OAuth tokens — no write access. | All financial data shall be encrypted at rest and in transit. | FCA regulated and PSD2 compliant. | App shall not store full bank credentials.
e4d34997,peer_lending_platform,hard,A platform where individuals can lend money to small businesses and earn interest returns.,8,2,6,4,3,7,1,Lender | Borrower | LoanApplication | LoanListing | Investment | Repayment | SecondaryMarket,Platform shall be FCA authorised and regulated. | Credit scoring model shall be explainable (no black-box decisions). | All fund transfers shall use ring-fenced client money accounts. | System shall pass annual penetration tests.
eeaeecf4,fleet_management,medium,"A system to track a company's delivery fleet in real time, optimise routes, and manage vehicle maintenance.",8,2,6,4,3,7,1,Vehicle | Driver | Route | Delivery | MaintenanceSchedule | FuelLog | Alert,GPS tracking shall update every 30 seconds. | Mobile app shall work offline and sync when connectivity is restored. | System shall handle a fleet of up to 500 vehicles. | Driver data shall comply with GDPR.
c9021146,smart_building_iot,hard,"An IoT platform to manage energy, security, and comfort systems in a commercial office building.",8,2,6,4,3,7,1,Sensor | Device | Zone | OccupancyEvent | EnergyReading | AccessEvent | Alert,"Device command latency shall be under 500ms. | System shall support 10,000 concurrent IoT device connections. | All device communications shall use TLS 1.3. | System shall remain operational if internet connectivity is lost (local fallback mode)."
8540b2b8,task_management_saas,easy,"A project management tool for software teams to track tasks, sprints, and bugs.",8,2,6,4,3,8,1,Project | Task | Sprint | User | Team | TimeLog | GitCommit | WorkflowState,API shall respond within 200ms at the 99th percentile. | Data shall be exportable in CSV and JSON formats. | System shall support SSO via SAML 2.0 for enterprise customers. | 99.9% monthly uptime SLA.
802232a4,remote_team_collaboration,medium,"A virtual office platform where distributed teams can have video calls, share screens, and maintain persistent chat rooms.",8,2,6,4,3,7,1,User | Channel | Message | VideoCall | Recording | File | Whiteboard,Video calls shall maintain quality at 720p on a 5Mbps connection. | Message delivery latency shall be under 100ms. | End-to-end encryption for direct messages. | GDPR compliance for EU users.
d9f7fbbd,citizen_services_portal,hard,"A government portal where citizens can apply for permits, pay taxes, and access public services online.",8,2,6,4,3,7,1,Citizen | Application | Service | Document | Payment | CaseWorker | Notification,WCAG 2.2 AA accessibility compliance mandatory. | System shall comply with UK Government Digital Service (GDS) standards. | 99.99% uptime during business hours. | All data stored in UK data centres.
293dcb61,video_streaming,medium,A video streaming platform for watching movies and TV shows on any device.,8,2,6,4,3,7,1,Content | User | Profile | WatchHistory | Download | Subscription | Recommendation,Video shall start within 3 seconds on a 10Mbps connection. | DRM protection via Widevine or FairPlay. | CDN shall serve content from the nearest edge node. | System shall handle 1 million concurrent streams.
792d628e,food_delivery_platform,medium,A platform connecting customers with local restaurants for food ordering and doorstep delivery.,8,2,6,4,3,8,1,Customer | Restaurant | Order | Driver | MenuItem | Delivery | Payment | Rating,"Order assignment to driver shall occur within 30 seconds. | Real-time tracking shall update every 10 seconds. | System shall handle 5,000 concurrent orders. | Mobile app shall function on Android 8.0+ and iOS 14+."
7442125b,auction_platform,medium,An online auction site where sellers list items and buyers bid in real time to win them.,8,2,6,4,3,8,1,Seller | Buyer | Listing | Bid | Auction | Escrow | Payment | Dispute,"Bid updates shall be reflected across all clients within 500ms. | System shall support 10,000 simultaneous live auctions. | All payment data shall comply with PCI-DSS. | Auction end-time precision shall be accurate to within 1 second."
d4243521,rental_marketplace,medium,"A peer-to-peer platform where owners can rent out equipment, tools, or spaces to local renters.",8,2,6,4,3,8,1,Owner | Renter | Listing | Booking | Payment | Deposit | Review | DamageReport,Calendar availability shall update in real time to prevent conflicts. | Damage photo uploads shall support images up to 20MB. | System shall comply with GDPR for user personal data. | Payment processing shall settle within 2 business days.
440c0641,telemedicine_platform,hard,"A platform enabling patients to consult with licensed doctors via video, voice, or chat from home.",8,2,6,4,3,7,1,Patient | Doctor | Consultation | Prescription | InsuranceClaim | WearableData | Message,"Video consultation quality shall maintain 720p at 1Mbps upload. | System shall comply with HIPAA, GDPR, and local telehealth regulations. | Average wait time for on-demand consultations shall be under 10 minutes. | All health data shall be encrypted end-to-end."
716ed617,pharmacy_management,hard,"A system for pharmacies to manage inventory, process prescriptions, and serve customers efficiently.",8,2,6,4,3,8,1,Prescription | Medication | Patient | Pharmacist | Inventory | Dispensing | Supplier | AuditLog,Drug interaction checks shall complete within 2 seconds. | System shall comply with NHS and MHRA digital health standards. | Audit logs shall be retained for a minimum of 10 years. | System shall achieve 99.9% uptime during pharmacy opening hours.
2f8c2565,clinical_trial_management,hard,"A platform to manage clinical drug trials including participant recruitment, data collection, and regulatory reporting.",8,2,6,4,3,8,1,Trial | Participant | Protocol | AdverseEvent | DataPoint | Investigator | Site | Submission,"System shall comply with ICH E6 GCP guidelines. | All data modifications shall be logged with timestamp, user, and reason. | System shall support trials across 50 countries with localised date formats. | Data exports shall be available within 4 hours of request."
65d643d0,university_admission_system,medium,"A system for universities to manage undergraduate applications, reviews, and admissions decisions.",8,2,6,4,3,8,1,Applicant | Application | Programme | Reviewer | Document | Decision | Offer | Report,"System shall handle 100,000 applications per cycle. | Document uploads shall support PDF, Word, and image formats up to 10MB. | System shall comply with GDPR and UK Equality Act 2010. | Application portal shall be WCAG 2.1 AA compliant."
c7a0a2bc,corporate_training_platform,easy,An LMS for companies to deliver mandatory compliance training and professional development courses to employees.,8,2,6,4,3,8,1,Employee | Course | Module | Enrolment | Assessment | Certificate | Department | Report,"Platform shall support SSO integration via SAML 2.0 and OIDC. | Video modules shall support adaptive bitrate streaming. | System shall handle 10,000 concurrent learners. | GDPR compliance for employee learning data."
83d94f2f,language_learning_app,easy,"A gamified mobile app to help users learn new languages through daily lessons, speaking exercises, and challenges.",8,2,6,4,3,8,1,User | Language | Lesson | Exercise | VocabularyItem | Progress | Badge | League,Speech recognition shall achieve 85% accuracy for non-native speakers. | App shall work offline for downloaded lessons. | Daily lesson load time shall be under 1 second. | COPPA compliance for users under 13.
298cc453,digital_banking_app,hard,"A fully digital bank with current accounts, savings, and instant payments via a mobile app.",8,2,6,4,3,8,1,Customer | Account | Transaction | Card | SavingsPot | Payment | Notification | CreditScore,"Domestic transfers shall settle within 10 seconds via Faster Payments. | System shall comply with FCA, PSD2, and AML regulations. | App shall achieve 99.99% uptime with no scheduled maintenance windows. | Biometric data shall never leave the user's device."
0ed39539,insurance_claims_platform,medium,A digital platform for customers to file insurance claims and for assessors to process and settle them.,8,2,6,4,3,8,1,Claimant | Claim | Policy | Document | Assessor | Payment | FraudFlag | Notification,Automated claim triage shall complete within 60 seconds of submission. | Fraud detection model shall achieve precision above 90%. | System shall comply with FCA insurance regulations. | All claim documents shall be retained for 7 years.
573adc4c,crypto_exchange,hard,"A cryptocurrency trading platform for buying, selling, and storing digital assets securely.",8,2,6,4,3,8,1,User | Wallet | Order | Trade | Currency | Portfolio | Transaction | AuditLog,"Trading engine shall process 10,000 transactions per second. | System shall comply with FATF travel rule and local crypto regulations. | Cold wallet transfers shall require multi-signature approval. | Security audits shall be conducted quarterly."
ac47d38d,warehouse_management,medium,"A system for managing inventory, picking, packing, and dispatching orders in a distribution warehouse.",8,2,6,4,3,8,1,SKU | Bin | Order | PickList | Shipment | Carrier | Inventory | Worker,"Barcode scan response shall be under 200ms. | System shall handle 50,000 SKUs and 10,000 orders per day. | Mobile devices shall operate reliably on warehouse Wi-Fi with intermittent coverage. | System shall integrate with SAP and Oracle ERP via REST API."
da198498,cold_chain_monitoring,hard,An IoT system to monitor temperature and humidity of pharmaceutical or food shipments throughout the supply chain.,8,2,6,4,3,8,1,Sensor | Shipment | Reading | Alert | Excursion | Product | Carrier | ComplianceReport,"Sensor readings shall be transmitted even with cellular connectivity gaps via store-and-forward. | Alert delivery shall achieve 99.9% reliability. | Data retention shall meet a minimum of 7 years for pharmaceutical products. | System shall support 100,000 concurrent active shipments."
0b4e4885,smart_parking_system,medium,An IoT-enabled system to guide drivers to available parking spaces and automate payment in city car parks.,8,2,6,4,3,8,1,ParkingSpace | Vehicle | Reservation | Payment | PermitHolder | Sensor | Zone | Report,Space availability data shall update within 10 seconds of a vehicle entering or leaving. | ANPR recognition accuracy shall exceed 98%. | Mobile app shall function on 3G networks. | System shall comply with GDPR for vehicle registration data.
5906df43,social_media_platform,hard,"A social network where users post content, follow others, and engage through likes, comments, and shares.",8,2,6,4,3,8,1,User | Post | Comment | Like | Follow | DirectMessage | Report | Notification,Feed generation shall complete within 200ms. | System shall handle 10 million daily active users. | Content moderation AI shall process posts within 5 minutes of upload. | GDPR and COPPA compliance mandatory.
fb2964e3,event_management_platform,medium,"A platform for organising, promoting, and managing tickets for concerts, conferences, and community events.",8,2,6,4,3,8,1,Event | Ticket | Organiser | Attendee | Payment | Refund | CheckIn | Waitlist,Ticket purchase shall complete within 5 seconds to prevent drop-off. | QR code check-in shall support 500 scans per minute. | System shall handle traffic spikes of 10x average when popular events go on sale. | PCI-DSS compliance for payment processing.
61ad64a7,document_collaboration,medium,"A cloud platform for teams to create, edit, and collaborate on documents in real time.",8,2,6,4,3,8,1,User | Document | Version | Comment | Permission | SharedLink | Folder | Edit,Real-time collaboration edits shall propagate within 300ms. | System shall support documents up to 100MB. | 99.9% monthly uptime SLA. | Data shall be encrypted at rest and in transit.
b19f47ae,voting_system,hard,A secure digital voting platform for national or local elections that ensures integrity and auditability.,8,2,6,4,3,8,1,Voter | Ballot | Candidate | ElectionEvent | AuditLog | Result | Observer | DigitalIdentity,All vote transmissions shall use end-to-end encryption. | System shall undergo independent security audit before every election. | Architecture shall be open-source for public scrutiny. | WCAG 2.2 AAA accessibility compliance.
386b64e4,emergency_response_system,hard,"A system for coordinating emergency services response to incidents across police, fire, and ambulance.",8,2,6,4,3,8,1,Incident | Unit | Dispatcher | Location | ResourceAllocation | Communication | AgencyLog | Route,Dispatch decision shall be made within 60 seconds of call receipt. | System shall achieve 99.999% uptime. | Field unit app shall function on 2G networks as minimum. | All data shall be stored in sovereign national infrastructure.
5167f72c,public_transport_app,medium,"A mobile app for passengers to plan journeys, buy tickets, and track buses and trains in real time.",8,2,6,4,3,8,1,Journey | Ticket | Vehicle | Stop | Route | Disruption | Passenger | ServiceFeed,Real-time arrival predictions shall update every 30 seconds. | App shall load journey results within 3 seconds. | System shall comply with UK open data standards for transport. | WCAG 2.1 AA accessibility compliance.
df693e54,music_streaming,medium,"A music streaming service where users discover, play, and curate songs and playlists.",8,2,6,4,3,8,1,Track | Artist | Album | Playlist | User | StreamEvent | Download | Royalty,Audio playback shall start within 1 second. | System shall handle 50 million concurrent streams. | DRM protection shall be applied to all downloaded tracks. | Royalty data accuracy shall meet IFPI audit standards.
607a936e,gaming_platform,medium,"A PC and console gaming platform for purchasing, downloading, and playing games with social features.",8,2,6,4,3,8,1,User | Game | Purchase | Download | Friend | Achievement | Review | Refund,Download speeds shall saturate available bandwidth without throttling. | Platform client shall use under 2% CPU at idle. | System shall handle 30 million concurrent users. | Fraud detection on purchase shall add under 500ms latency.
05debc03,podcast_platform,easy,"A platform where creators publish podcasts and listeners discover, subscribe, and play episodes.",8,2,6,4,3,8,1,Podcast | Episode | Creator | Listener | Subscription | RSSFeed | Analytics | Chapter,Audio shall start streaming within 2 seconds. | System shall support uploads up to 500MB per episode. | RSS feeds shall update within 5 minutes of episode publication. | GDPR compliance for listener analytics data.
da4ba8e1,recruitment_platform,medium,"An applicant tracking system for companies to post jobs, manage applications, and conduct hiring.",8,2,6,4,3,8,1,Job | Candidate | Application | Interview | Scorecard | TalentPool | Offer | Report,"CV parsing shall complete within 10 seconds. | System shall comply with GDPR and UK Equality Act for candidate data. | System shall integrate with LinkedIn, Indeed, and major ATS platforms. | Candidate data shall be deleted after 2 years unless consent is renewed."
2e855a9e,hr_management_system,medium,"A comprehensive HR platform covering employee records, leave management, payroll, and performance.",8,2,6,4,3,8,1,Employee | Contract | Leave | Payroll | Payslip | Training | Department | OrgChart,Payroll calculations shall be 100% accurate with zero tolerance for errors. | System shall comply with HMRC RTI reporting requirements. | Employee personal data shall comply with GDPR. | System shall support multi-currency payroll for international employees.
ba4c8c35,employee_performance_management,medium,"A platform for setting goals, conducting performance reviews, and managing feedback between managers and employees.",8,2,6,4,3,8,1,Employee | Goal | Review | Feedback | Rating | CalibrationSession | DevelopmentPlan | Report,"Review data shall be encrypted at rest. | System shall support single sign-on via SAML 2.0. | GDPR compliance for performance data. | System shall handle reviews for organisations up to 50,000 employees."
360eae4a,workforce_scheduling,medium,"A shift scheduling and workforce management system for retail, hospitality, and care sector employers.",8,2,6,4,3,8,1,Employee | Shift | Schedule | Availability | SwapRequest | Department | Payroll | Alert,Schedule generation shall complete within 60 seconds for 500 employees. | Mobile app shall support iOS and Android for shift viewing and swaps. | System shall comply with Working Time Regulations 1998. | Integration with major EPOS and payroll systems via API.
f9c1f504,property_listing_platform,easy,An online property marketplace where estate agents and private sellers list homes for sale or rent.,8,2,6,4,3,8,1,Property | Listing | Agent | Buyer | Enquiry | ViewingRequest | SavedSearch | EPC,Search results shall return within 1 second for filters on 5 million listings. | Photo galleries shall support lazy loading for listings with 50+ images. | System shall comply with GDPR for user search and enquiry data. | Listing data feeds from portals shall sync every 15 minutes.
7b3ba503,property_management_system,medium,"A system for landlords and letting agents to manage tenancies, maintenance, and rent collection.",8,2,6,4,3,8,1,Property | Tenancy | Tenant | Landlord | MaintenanceRequest | Deposit | Certificate | Payment,System shall comply with UK tenant deposit protection regulations. | All signed documents shall use legally binding e-signatures. | System shall support GDPR for tenant personal data. | Financial reports shall export to CSV and PDF formats.
ce323351,construction_project_management,hard,"A platform to plan, track, and manage construction projects across multiple sites and contractors.",8,2,6,4,3,8,1,Project | Task | Drawing | RFI | Subcontractor | CostItem | SafetyIncident | Milestone,"Drawing files shall support DWG, PDF, and IFC BIM formats up to 500MB. | Mobile app shall work offline on site with sync when connected. | System shall comply with CDM Construction Design and Management regulations. | All document versions shall be immutably logged with timestamps."
00709f3e,precision_farming_platform,medium,An IoT and analytics platform to help farmers optimise crop yields and reduce input costs.,8,2,6,4,3,8,1,Field | Sensor | CropType | SoilReading | IrrigationPlan | YieldPrediction | FieldOperation | Alert,Sensor data ingestion shall support 1 million readings per hour. | Satellite imagery processing shall complete within 2 hours of data receipt. | Mobile app shall function offline in areas with no connectivity. | System shall comply with GDPR for farmer business data.
a6a05a9b,environmental_monitoring,medium,"A platform to monitor air quality, water quality, and noise levels across a city and alert authorities to breaches.",8,2,6,4,3,8,1,Sensor | Station | Reading | Alert | PollutantType | Zone | PublicReport | Forecast,Sensor data shall be ingested and visualised within 60 seconds. | System shall handle a network of 500 monitoring stations. | Public API shall provide open data access per Open Government Licence. | Forecasting model accuracy shall be within 20% of measured values.
5cd9e2bb,supply_chain_traceability,hard,A blockchain-based platform to track products from farm to shelf and verify ethical sourcing.,8,2,6,4,3,8,1,Product | Batch | SupplyEvent | Supplier | Certification | Blockchain | QRCode | RecallAlert,QR code provenance lookup shall respond within 2 seconds. | Blockchain transaction finality shall occur within 5 seconds. | System shall handle 10 million product batches. | GDPR compliance for supplier personal data.
336777bb,legal_case_management,hard,"A practice management system for law firms to manage cases, client communications, and billing.",8,2,6,4,3,8,1,Matter | Client | Document | TimeEntry | Invoice | CourtDate | Bundle | ComplianceReport,Conflict-of-interest check shall run within 5 seconds against the full client database. | System shall comply with SRA Standards and Regulations. | All documents shall be backed up with 99.99% durability. | Client portal communications shall be end-to-end encrypted.
e5b3af68,contract_management,medium,"A system for businesses to draft, negotiate, execute, and manage the lifecycle of commercial contracts.",8,2,6,4,3,8,1,Contract | Template | Clause | Party | Approval | Signature | Obligation | Amendment,Full-text search across 1 million contracts shall return results within 3 seconds. | eSignature shall comply with EU eIDAS and US ESIGN Act. | System shall integrate with Salesforce and SAP for CRM and ERP data. | All contracts shall be retained for their legal retention period.
5ecdc8ed,travel_booking_platform,medium,"An online travel agency where users can search and book flights, hotels, and holiday packages.",8,2,6,4,3,8,1,Flight | Hotel | Package | Booking | Passenger | Payment | Cancellation | Review,"Flight search shall return results within 3 seconds from live GDS data. | System shall comply with EU Package Travel Directive. | PCI-DSS compliance for payment processing. | System shall handle 100,000 concurrent searches."
e7bb45ea,hotel_management_system,medium,"A property management system for hotels to manage reservations, housekeeping, and guest services.",8,2,6,4,3,8,1,Room | Reservation | Guest | Folio | HousekeepingTask | Rate | Channel | GroupBlock,Reservation updates shall synchronise across all channels within 60 seconds to prevent overbooking. | System shall comply with PCI-DSS for card payment storage. | System shall integrate with OTAs via HTNG and OTA XML standards. | System uptime shall be 99.99% to prevent front-desk disruption.
7c7aa1b6,restaurant_pos_system,easy,"A point-of-sale system for restaurants to take orders, manage tables, and process payments.",8,2,6,4,3,8,1,Table | Order | MenuItem | Payment | KitchenTicket | Server | Modifier | SalesReport,Order transmission to kitchen shall occur within 2 seconds. | System shall operate offline if internet is lost with background sync when restored. | PCI-DSS compliance for card payments. | Allergen information shall be prominently displayed per EU Food Information Regulation.
07ce17fe,fitness_tracking_app,easy,"A mobile app for logging workouts, tracking nutrition, and monitoring health metrics from wearables.",8,2,6,4,3,8,1,User | Workout | Exercise | FoodEntry | HealthMetric | Goal | Programme | WearableDevice,Wearable sync shall complete within 30 seconds. | Food barcode database shall contain over 1 million products. | App shall comply with HIPAA for users who share data with healthcare providers. | Battery impact shall add less than 5% drain per day for background health monitoring.
bc2f6c04,ride_sharing_platform,medium,A platform connecting passengers with drivers for on-demand and pre-booked rides in cities.,8,2,6,4,3,8,1,Passenger | Driver | Ride | Route | Payment | Rating | MatchingAlgorithm | Location,Driver matching shall complete within 10 seconds. | Location tracking shall update every 5 seconds. | System shall comply with local taxi and private hire regulations. | Surge pricing algorithm shall comply with consumer protection disclosure requirements.
